id	name	unit	kind
1	time.uptime_seconds	seconds	gauge
2	time.interval_seconds	seconds	gauge
10	cpu.usage	percent	gauge
11	cpu.user	percent	gauge
12	cpu.nice	percent	gauge
13	cpu.system	percent	gauge
14	cpu.idle	percent	gauge
15	cpu.iowait	percent	gauge
16	cpu.irq	percent	gauge
17	cpu.softirq	percent	gauge
18	cpu.steal	percent	gauge
20	cpu.context_switches	events	counter
21	cpu.context_switches_per_second	events/second	rate
22	cpu.forks	events	counter
23	cpu.forks_per_second	events/second	rate
24	cpu.running	tasks	gauge
25	cpu.blocked	tasks	gauge
40	memory.total_bytes	bytes	gauge
41	memory.available_bytes	bytes	gauge
42	memory.free_bytes	bytes	gauge
43	memory.buffers_bytes	bytes	gauge
44	memory.cached_bytes	bytes	gauge
45	memory.swap_total_bytes	bytes	gauge
46	memory.swap_free_bytes	bytes	gauge
47	memory.slab_bytes	bytes	gauge
48	memory.reclaimable_bytes	bytes	gauge
49	memory.dirty_bytes	bytes	gauge
50	memory.writeback_bytes	bytes	gauge
51	memory.usage	percent	gauge
52	memory.swap_usage	percent	gauge
60	load.1m	tasks	gauge
61	load.5m	tasks	gauge
62	load.15m	tasks	gauge
63	load.running	tasks	gauge
64	load.processes	tasks	gauge
70	vm.page_in_bytes	bytes	counter
71	vm.page_in_bytes_per_second	bytes/second	rate
72	vm.page_out_bytes	bytes	counter
73	vm.page_out_bytes_per_second	bytes/second	rate
74	vm.swap_in_pages	pages	counter
75	vm.swap_in_pages_per_second	pages/second	rate
76	vm.swap_out_pages	pages	counter
77	vm.swap_out_pages_per_second	pages/second	rate
78	vm.faults	events	counter
79	vm.faults_per_second	events/second	rate
80	vm.major_faults	events	counter
81	vm.major_faults_per_second	events/second	rate
90	disk.read_operations	operations	counter
91	disk.read_operations_per_second	operations/second	rate
92	disk.read_bytes	bytes	counter
93	disk.read_bytes_per_second	bytes/second	rate
94	disk.read_time_ms	milliseconds	counter
95	disk.read_time_ms_per_second	milliseconds/second	rate
96	disk.write_operations	operations	counter
97	disk.write_operations_per_second	operations/second	rate
98	disk.write_bytes	bytes	counter
99	disk.write_bytes_per_second	bytes/second	rate
100	disk.write_time_ms	milliseconds	counter
101	disk.write_time_ms_per_second	milliseconds/second	rate
102	disk.io_time_ms	milliseconds	counter
103	disk.io_time_ms_per_second	milliseconds/second	rate
104	disk.weighted_io_time_ms	milliseconds	counter
105	disk.weighted_io_time_ms_per_second	milliseconds/second	rate
106	disk.in_flight	operations	gauge
107	disk.available	boolean	gauge
108	network.available	boolean	gauge
110	network.rx_bytes	bytes	counter
111	network.rx_bytes_per_second	bytes/second	rate
112	network.rx_packets	packets	counter
113	network.rx_packets_per_second	packets/second	rate
114	network.rx_errors	events	counter
115	network.rx_errors_per_second	events/second	rate
116	network.rx_dropped	packets	counter
117	network.rx_dropped_per_second	packets/second	rate
118	network.tx_bytes	bytes	counter
119	network.tx_bytes_per_second	bytes/second	rate
120	network.tx_packets	packets	counter
121	network.tx_packets_per_second	packets/second	rate
122	network.tx_errors	events	counter
123	network.tx_errors_per_second	events/second	rate
124	network.tx_dropped	packets	counter
125	network.tx_dropped_per_second	packets/second	rate
140	process.pid	id	gauge
141	process.name	text	gauge
142	process.state	text	gauge
143	process.cpu_seconds	seconds	counter
144	process.rss_bytes	bytes	gauge
145	process.virtual_bytes	bytes	gauge
146	process.threads	threads	gauge
147	process.cpu_usage	percent	gauge
148	process.fd_count	descriptors	gauge
160	process.io.rchar	bytes	counter
161	process.io.rchar_per_second	bytes/second	rate
162	process.io.wchar	bytes	counter
163	process.io.wchar_per_second	bytes/second	rate
164	process.io.syscr	operations	counter
165	process.io.syscr_per_second	operations/second	rate
166	process.io.syscw	operations	counter
167	process.io.syscw_per_second	operations/second	rate
168	process.io.read_bytes	bytes	counter
169	process.io.read_bytes_per_second	bytes/second	rate
170	process.io.write_bytes	bytes	counter
171	process.io.write_bytes_per_second	bytes/second	rate
172	process.io.cancelled_write_bytes	bytes	counter
173	process.io.cancelled_write_bytes_per_second	bytes/second	rate
200	trace.status	text	gauge
201	trace.statm	text	gauge
202	trace.io	text	gauge
203	trace.cgroup	text	gauge
204	trace.sched	text	gauge
205	trace.schedstat	text	gauge
206	trace.smaps_rollup	text	gauge
207	trace.limits	text	gauge
208	trace.loginuid	text	gauge
209	trace.oom_score	text	gauge
210	trace.oom_score_adj	text	gauge
211	trace.cmdline	text	gauge
212	trace.environ	text	gauge
213	trace.maps	text	gauge
214	trace.smaps	text	gauge
215	trace.numa_maps	text	gauge
216	trace.wchan	text	gauge
217	trace.stack	text	gauge
218	trace.syscall	text	gauge
219	trace.mountinfo	text	gauge
220	trace.duration_seconds	seconds	gauge
300	pressure.some.avg10	percent	gauge
301	pressure.some.avg60	percent	gauge
302	pressure.some.avg300	percent	gauge
303	pressure.some.total	microseconds	counter
304	pressure.some.total_per_second	microseconds/second	rate
305	pressure.full.avg10	percent	gauge
306	pressure.full.avg60	percent	gauge
307	pressure.full.avg300	percent	gauge
308	pressure.full.total	microseconds	counter
309	pressure.full.total_per_second	microseconds/second	rate
310	interrupts.count	events	counter
311	interrupts.count_per_second	events/second	rate
312	interrupts.available	boolean	gauge
313	softirq.count	events	counter
314	softirq.count_per_second	events/second	rate
315	softirq.available	boolean	gauge
320	process.status.vm_peak_bytes	bytes	gauge
321	process.status.vm_size_bytes	bytes	gauge
322	process.status.vm_rss_bytes	bytes	gauge
323	process.status.vm_hwm_bytes	bytes	gauge
324	process.status.rss_anon_bytes	bytes	gauge
325	process.status.rss_file_bytes	bytes	gauge
326	process.status.rss_shmem_bytes	bytes	gauge
327	process.status.vm_data_bytes	bytes	gauge
328	process.status.vm_stk_bytes	bytes	gauge
329	process.status.vm_exe_bytes	bytes	gauge
330	process.status.vm_lib_bytes	bytes	gauge
331	process.status.vm_pte_bytes	bytes	gauge
332	process.status.vm_swap_bytes	bytes	gauge
333	process.status.threads	threads	gauge
334	process.status.voluntary_context_switches	events	counter
335	process.status.nonvoluntary_context_switches	events	counter
340	process.memory.rss_bytes	bytes	gauge
341	process.memory.pss_bytes	bytes	gauge
342	process.memory.pss_anon_bytes	bytes	gauge
343	process.memory.pss_file_bytes	bytes	gauge
344	process.memory.pss_shmem_bytes	bytes	gauge
345	process.memory.shared_clean_bytes	bytes	gauge
346	process.memory.shared_dirty_bytes	bytes	gauge
347	process.memory.private_clean_bytes	bytes	gauge
348	process.memory.private_dirty_bytes	bytes	gauge
349	process.memory.referenced_bytes	bytes	gauge
350	process.memory.anonymous_bytes	bytes	gauge
351	process.memory.swap_bytes	bytes	gauge
352	process.memory.swap_pss_bytes	bytes	gauge
353	process.memory.locked_bytes	bytes	gauge
360	process.sched.switches	events	counter
361	process.sched.voluntary_switches	events	counter
362	process.sched.involuntary_switches	events	counter
363	process.sched.sum_exec_runtime_seconds	seconds	gauge
364	process.sched.wait_sum_seconds	seconds	gauge
